Institutions on HCM1 or HCM2 as of 12-1-2015,,,,,,,
Source: PEPS,,,,,,,
OPE ID,Institution Name,City,State,Country,Institution Type,Stop Pay/Monitor Method,Method Reason Desc
884300,Alaska Bible College,Palmer,AK,,"Private, Nonprofit",HCM - Cash Monitoring 1,Financial Responsibility
100500,Alabama State University,Montgomery,AL,,Public,HCM - Cash Monitoring 1,Audit Late/Missing
100700,Central Alabama Community College,Alexander City,AL,,Public,HCM - Cash Monitoring 1,Audit Late/Missing
101300,Calhoun Community College,Tanner,AL,,Public,HCM - Cash Monitoring 1,Audit Late/Missing
101600,University of North Alabama,Florence,AL,,Public,HCM - Cash Monitoring 1,Audit Late/Missing
102400,University of West Alabama,Livingston,AL,,Public,HCM - Cash Monitoring 1,Audit Late/Missing
102600,Marion Military Institute,Marion,AL,,Public,HCM - Cash Monitoring 1,Audit Late/Missing
105900,Lawson State Community College,Birmingham,AL,,Public,HCM - Cash Monitoring 1,Audit Late/Missing
569900,George Corley Wallace State Community College - Selma,Selma,AL,,Public,HCM - Cash Monitoring 1,Audit Late/Missing
2341000,Fortis College,Mobile,AL,,Proprietary,HCM - Cash Monitoring 1,Financial Responsibility
3010600,Virginia College,Birmingham,AL,,Proprietary,HCM - Cash Monitoring 1,Financial Responsibility
3361400,Fortis College,Foley,AL,,Proprietary,HCM - Cash Monitoring 1,Financial Responsibility
4187300,Hair Academy (The),Montgomery,AL,,Proprietary,HCM - Cash Monitoring 1,Audit Late/Missing
108700,Arkansas Baptist College,Little Rock,AR,,"Private, Nonprofit",HCM - Cash Monitoring 2,Administrative Capability
108800,Lyon College,Batesville,AR,,"Private, Nonprofit",HCM - Cash Monitoring 1,Financial Responsibility
2330800,JRMC School of Nursing,Pine Bluff,AR,,"Private, Nonprofit",HCM - Cash Monitoring 2,Audit - Severe Findings
3065100,ABC Beauty College,Arkadelphia,AR,,Proprietary,HCM - Cash Monitoring 2,Accreditation Problems
446700,Tucson College,Tucson,AZ,,Proprietary,HCM - Cash Monitoring 1,Financial Responsibility
2199900,American Indian College,Phoenix,AZ,,"Private, Nonprofit",HCM - Cash Monitoring 2,Accreditation Problems
2616700,Le Cordon Bleu College of Culinary Arts,Scottsdale,AZ,,Proprietary,HCM - Cash Monitoring 1,Administrative Capability
3097800,Carsten Institute of Cosmetology,Tempe,AZ,,Proprietary,HCM - Cash Monitoring 1,Financial Responsibility
3120300,CollegeAmerica - Flagstaff,Flagstaff,AZ,,Proprietary,HCM - Cash Monitoring 1,Financial Responsibility
3813300,Northcentral University,Prescott Valley,AZ,,Proprietary,HCM - Cash Monitoring 1,Financial Responsibility
4051300,Art Institute of Phoenix (The),Phoenix,AZ,,Proprietary,HCM - Cash Monitoring 1,Financial Responsibility
112300,Brooks Institute,Ventura,CA,,Proprietary,HCM - Cash Monitoring 1,Administrative Capability
747600,Marinello Schools of Beauty,Los Angeles,CA,,Proprietary,HCM - Cash Monitoring 2,Program Review
760700,Concorde Career College,North Hollywood,CA,,Proprietary,HCM - Cash Monitoring 1,Financial Responsibility
793000,Concorde Career College,San Diego,CA,,Proprietary,HCM - Cash Monitoring 1,Financial Responsibility
807100,Concorde Career College,Garden Grove,CA,,Proprietary,HCM - Cash Monitoring 1,Financial Responsibility
853700,Concorde Career College,San Bernardino,CA,,Proprietary,HCM - Cash Monitoring 1,Financial Responsibility
903200,Empire College,Santa Rosa,CA,,Proprietary,HCM - Cash Monitoring 1,Financial Responsibility
998900,Santa Barbara Business College,Ventura,CA,,Proprietary,HCM - Cash Monitoring 1,Financial Responsibility
1047400,Marymount California University,Rancho Palos Verdes,CA,,"Private, Nonprofit",HCM - Cash Monitoring 1,Financial Responsibility
1085400,Thomas Jefferson School of Law,San Diego,CA,,"Private, Nonprofit",HCM - Cash Monitoring 1,Financial Responsibility
1162600,Westwood College - South Bay,Torrance,CA,,Proprietary,HCM - Cash Monitoring 1,Financial Responsibility
1265000,Marinello School of Beauty,Burbank,CA,,Proprietary,HCM - Cash Monitoring 2,Program Review
1307400,American Beauty College,West Covina,CA,,Proprietary,HCM - Cash Monitoring 2,Other -CIO Problems (Eligibility)
2054900,Marinello School of Beauty,Lake Forest,CA,,Proprietary,HCM - Cash Monitoring 2,Program Review
2059800,Paris Beauty College,Concord,CA,,Proprietary,HCM - Cash Monitoring 2,Program Review - Severe Findings
2086400,Marinello School of Beauty,Santa Clara,CA,,Proprietary,HCM - Cash Monitoring 2,Program Review
2110800,California College San Diego,San Diego,CA,,Proprietary,HCM - Cash Monitoring 1,Financial Responsibility
2179900,Argosy University,Orange,CA,,Proprietary,HCM - Cash Monitoring 1,Financial Responsibility
2220200,California Culinary Academy,San Francisco,CA,,Proprietary,HCM - Cash Monitoring 1,Administrative Capability
2221300,Marinello School of Beauty,Moreno Valley,CA,,Proprietary,HCM - Cash Monitoring 2,Program Review
2237200,Phillips Graduate Institute,Chatsworth,CA,,"Private, Nonprofit",HCM - Cash Monitoring 1,Financial Responsibility
2332800,Center for Employment Training,San Jose,CA,,"Private, Nonprofit",HCM - Cash Monitoring 1,Provisional Certification
2338700,Marinello School of Beauty,San Francisco,CA,,Proprietary,HCM - Cash Monitoring 2,Program Review
2342400,Academy of Radio & TV Broadcasting,Huntington Beach,CA,,Proprietary,HCM - Cash Monitoring 2,Financial Responsibility
2570300,Los Angeles ORT Technical Institute,Los Angeles,CA,,"Private, Nonprofit",HCM - Cash Monitoring 1,Financial Responsibility
2577900,Santa Barbara Business College,Bakersfield,CA,,Proprietary,HCM - Cash Monitoring 1,Financial Responsibility
2578000,Santa Barbara Business College,Santa Maria,CA,,Proprietary,HCM - Cash Monitoring 1,Financial Responsibility
2596400,Spartan College of Aeronautics & Technology,Inglewood,CA,,Proprietary,HCM - Cash Monitoring 1,Financial Responsibility
3043900,NewSchool of Architecture and Design,San Diego,CA,,Proprietary,HCM - Cash Monitoring 1,Financial Responsibility
3072700,Westwood College - Los Angeles,Los Angeles,CA,,Proprietary,HCM - Cash Monitoring 1,Financial Responsibility
3094400,Marinello School of Beauty,Sacramento,CA,,Proprietary,HCM - Cash Monitoring 2,Program Review
3108100,Summit College,Colton,CA,,Proprietary,HCM - Cash Monitoring 1,Financial Responsibility
3210300,Le Cordon Bleu College of Culinary Arts,Pasadena,CA,,Proprietary,HCM - Cash Monitoring 1,Administrative Capability
3467300,Marinello School of Beauty,Hemet,CA,,Proprietary,HCM - Cash Monitoring 2,Program Review
3614300,David's Academy of Beauty,Pico Rivera,CA,,Proprietary,HCM - Cash Monitoring 2,Accreditation Problems
3874400,Community Christian College,Redlands,CA,,"Private, Nonprofit",HCM - Cash Monitoring 2,Accreditation Problems
3973300,Ex'pression College,Emeryville,CA,,Proprietary,HCM - Cash Monitoring 1,Financial Responsibility
4092400,Make-Up Designory,Burbank,CA,,Proprietary,HCM - Cash Monitoring 1,Financial Responsibility
4127900,Trident University International,Cypress,CA,,Proprietary,HCM - Cash Monitoring 1,Financial Responsibility
4132700,InfoTech Career College,Paramount,CA,,Proprietary,HCM - Cash Monitoring 2,Program Review - Severe Findings
4134500,San Diego College,San Diego,CA,,Proprietary,HCM - Cash Monitoring 1,Financial Responsibility
4134700,International Professional School of Bodywork,San Diego,CA,,Proprietary,HCM - Cash Monitoring 1,Financial Responsibility
4145000,San Diego Culinary Institute,La Mesa,CA,,Proprietary,HCM - Cash Monitoring 1,Financial Responsibility
4145600,International College of Cosmetology,Oakland,CA,,Proprietary,HCM - Cash Monitoring 1,Financial Responsibility
4148900,Northern California Institute of Cosmetology,San Leandro,CA,,Proprietary,HCM - Cash Monitoring 1,Financial Responsibility
4161300,Preferred College of Nursing,Van Nuys,CA,,Proprietary,HCM - Cash Monitoring 1,Financial Responsibility
4172000,Southern California University SOMA,Los Angeles,CA,,Proprietary,HCM - Cash Monitoring 2,Accreditation Problems
4181600,Integrity College of Health,Pasadena,CA,,Proprietary,HCM - Cash Monitoring 1,Financial Responsibility
4190800,Santa Ana Beauty College,Santa Ana,CA,,Proprietary,HCM - Cash Monitoring 1,Financial Responsibility
729700,Redstone College,Broomfield,CO,,Proprietary,HCM - Cash Monitoring 1,Financial Responsibility
754800,Westwood College - Denver North,Denver,CO,,Proprietary,HCM - Cash Monitoring 1,Financial Responsibility
887100,Concorde Career College,Aurora,CO,,Proprietary,HCM - Cash Monitoring 1,Financial Responsibility
1014800,Colorado Technical University,Colorado Springs,CO,,Proprietary,HCM - Cash Monitoring 1,Administrative Capability
2078900,Art Institute of Colorado (The),Denver,CO,,Proprietary,HCM - Cash Monitoring 1,Financial Responsibility
2267500,Glenwood Beauty Academy,Glenwood Springs,CO,,Proprietary,HCM - Cash Monitoring 2,Program Review - Severe Findings
2594300,CollegeAmerica Denver,Denver,CO,,Proprietary,HCM - Cash Monitoring 1,Financial Responsibility
3776300,Auguste Escoffier School of Culinary Arts,Boulder,CO,,Proprietary,HCM - Cash Monitoring 1,Financial Responsibility
4080300,Aspen University,Denver,CO,,Proprietary,HCM - Cash Monitoring 1,Financial Responsibility
4093300,Academy of Natural Therapy,Greeley,CO,,Proprietary,HCM - Cash Monitoring 1,Financial Responsibility
4184900,College of International Esthetics,Arvada,CO,,Proprietary,HCM - Cash Monitoring 1,Financial Responsibility
4185400,National Personal Training Institute of Colorado,Lakewood,CO,,Proprietary,HCM - Cash Monitoring 1,Financial Responsibility
730300,Lincoln Technical Institute,New Britain,CT,,Proprietary,HCM - Cash Monitoring 1,Financial Responsibility
887400,Marinello School of Beauty,Meriden,CT,,Proprietary,HCM - Cash Monitoring 2,Program Review
940700,Lincoln College of New England,Southington,CT,,Proprietary,HCM - Cash Monitoring 1,Financial Responsibility
1041700,Marinello School of Beauty,East Hartford,CT,,Proprietary,HCM - Cash Monitoring 2,Program Review
3316300,Lincoln Technical Institute - Hartford,Hartford,CT,,Proprietary,HCM - Cash Monitoring 1,Financial Responsibility
3927300,Marinello School of Beauty,Niantic,CT,,Proprietary,HCM - Cash Monitoring 2,Program Review
4104300,Academy Di Capelli,Wallingford,CT,,Proprietary,HCM - Cash Monitoring 1,Financial Responsibility
2132800,National Conservatory of Dramatic Arts,Washington,DC,,"Private, Nonprofit",HCM - Cash Monitoring 1,Financial Responsibility
3409600,Bennett Career Institute,Washington,DC,,Proprietary,HCM - Cash Monitoring 1,Financial Responsibility
4190000,Radians College,Washington,DC,,Proprietary,HCM - Cash Monitoring 1,Financial Responsibility
4202500,Graduate School,Washington,DC,,"Private, Nonprofit",HCM - Cash Monitoring 1,Financial Responsibility
154000,Webber International University,Babson Park,FL,,"Private, Nonprofit",HCM - Cash Monitoring 1,Financial Responsibility
887800,Miami International University of Art & Design,Miami,FL,,Proprietary,HCM - Cash Monitoring 1,Financial Responsibility
910400,TONI&GUY Hairdressing Academy,Jacksonville,FL,,Proprietary,HCM - Cash Monitoring 1,Financial Responsibility
1019500,Art Institute of Fort Lauderdale (The),Fort Lauderdale,FL,,Proprietary,HCM - Cash Monitoring 1,Financial Responsibility
1082600,Tom P. Haney Technical Center,Panama City,FL,,Public,HCM - Cash Monitoring 1,Financial Responsibility
2089600,Concorde Career Institute,Jacksonville,FL,,Proprietary,HCM - Cash Monitoring 1,Financial Responsibility
2151900,Keiser University,Fort Lauderdale,FL,,"Private, Nonprofit",HCM - Cash Monitoring 1,Financial Responsibility
2156300,Margate School of Beauty,Margate,FL,,Proprietary,HCM - Cash Monitoring 2,Administrative Capability
2172700,Concorde Career Institute,Tampa,FL,,Proprietary,HCM - Cash Monitoring 1,Financial Responsibility
2188900,Hobe Sound Bible College,Hobe Sound,FL,,"Private, Nonprofit",HCM - Cash Monitoring 1,Financial Responsibility
2245500,Fortis College,Winter Park,FL,,Proprietary,HCM - Cash Monitoring 1,Financial Responsibility
2275100,Concorde Career Institute,Miramar,FL,,Proprietary,HCM - Cash Monitoring 1,Financial Responsibility
2278800,Southern Technical College,Fort Myers,FL,,Proprietary,HCM - Cash Monitoring 1,Financial Responsibility
2305800,Florida Career College,Miami,FL,,Proprietary,HCM - Cash Monitoring 1,Financial Responsibility
2329900,Florida Institute of Ultrasound,Pensacola,FL,,Proprietary,HCM - Cash Monitoring 1,Financial Responsibility
2616400,Sanford-Brown Institute,Jacksonville,FL,,Proprietary,HCM - Cash Monitoring 1,Administrative Capability
3031400,International Academy of Design and Technology,Tampa,FL,,Proprietary,HCM - Cash Monitoring 1,Administrative Capability
3089200,Nouvelle Institute,Miami,FL,,Proprietary,HCM - Cash Monitoring 1,Other (Common Ownership)
3100800,Taylor Technical Institute,Perry,FL,,Public,HCM - Cash Monitoring 2,Program Review - Severe Findings
3108500,Everglades University,Boca Raton,FL,,"Private, Nonprofit",HCM - Cash Monitoring 1,Financial Responsibility
3113400,"Academy of Healing Arts, Massage & Facial Skin Care",Lake Worth,FL,,Proprietary,HCM - Cash Monitoring 2,Other -CIO Problems (Eligibility)
3123900,Southeastern College,West Palm Beach,FL,,Proprietary,HCM - Cash Monitoring 1,Financial Responsibility
3125600,Miami Ad School,Miami,FL,,Proprietary,HCM - Cash Monitoring 1,Financial Responsibility
3348400,Mattia College,Miami,FL,,Proprietary,HCM - Cash Monitoring 2,Program Review
3373300,Beacon College,Leesburg,FL,,"Private, Nonprofit",HCM - Cash Monitoring 1,Financial Responsibility
3390300,Lincoln Technical Institute,Fern Park,FL,,Proprietary,HCM - Cash Monitoring 1,Financial Responsibility
3414500,Acupuncture and Massage College,Miami,FL,,Proprietary,HCM - Cash Monitoring 1,Financial Responsibility
3434300,Fortis College,Orange Park,FL,,Proprietary,HCM - Cash Monitoring 1,Financial Responsibility
3553300,Southeastern College,Jacksonville,FL,,Proprietary,HCM - Cash Monitoring 1,Financial Responsibility
3691400,Ave Maria School of Law,Naples,FL,,"Private, Nonprofit",HCM - Cash Monitoring 1,Financial Responsibility
3856500,Florida School of Traditional Midwifery,Gainesville,FL,,"Private, Nonprofit",HCM - Cash Monitoring 1,Financial Responsibility
3903500,Southern Technical College,Orlando,FL,,Proprietary,HCM - Cash Monitoring 1,Financial Responsibility
4116600,Taylor College,Belleview,FL,,Proprietary,HCM - Cash Monitoring 1,Financial Responsibility
4135000,Cozmo The School,Bonita Springs,FL,,Proprietary,HCM - Cash Monitoring 1,Financial Responsibility
4157100,Aerosim Flight Academy,Sanford,FL,,Proprietary,HCM - Cash Monitoring 1,Financial Responsibility
4162000,Jose Maria Vargas University,Pembroke Pines,FL,,Proprietary,HCM - Cash Monitoring 1,Financial Responsibility
4164500,Eureka Institute of Health and Beauty,Miami,FL,,Proprietary,HCM - Cash Monitoring 2,Administrative Capability
4207900,SAE Institute of Technology - Miami,North Miami Beach,FL,,Proprietary,HCM - Cash Monitoring 2,Administrative Capability
4210800,Ultrasound Medical Institute,Royal Palm Beach,FL,,Proprietary,HCM - Cash Monitoring 2,Audit Late/Missing
4216600,Azure College,Miami Gardens,FL,,Proprietary,HCM - Cash Monitoring 2,Administrative Capability
156300,Emmanuel College,Franklin Springs,GA,,"Private, Nonprofit",HCM - Cash Monitoring 1,Financial Responsibility
927000,Art Institute of Atlanta (The),Atlanta,GA,,Proprietary,HCM - Cash Monitoring 1,Financial Responsibility
1303900,South University,Savannah,GA,,Proprietary,HCM - Cash Monitoring 1,Financial Responsibility
2116000,Sanford-Brown College,Atlanta,GA,,Proprietary,HCM - Cash Monitoring 1,Administrative Capability
2266200,Helms Career Institute,Macon,GA,,"Private, Nonprofit",HCM - Cash Monitoring 1,Financial Responsibility
2285500,Creative Circus (The),Atlanta,GA,,Proprietary,HCM - Cash Monitoring 1,Financial Responsibility
2520000,International School of Skin and Nailcare,Atlanta,GA,,Proprietary,HCM - Cash Monitoring 1,Financial Responsibility
2577700,Beauty College of America,Forest Park,GA,,Proprietary,HCM - Cash Monitoring 1,Financial Responsibility
3104500,Atlanta Institute of Music and Media,Duluth,GA,,Proprietary,HCM - Cash Monitoring 1,Financial Responsibility
3635300,Carver Bible College,Atlanta,GA,,"Private, Nonprofit",HCM - Cash Monitoring 2,Program Review - Severe Findings
4160200,Atlanta Beauty & Barber Academy,Doraville,GA,,Proprietary,HCM - Cash Monitoring 2,Accreditation Problems
2100300,Med-Assist School of Hawaii,Honolulu,HI,,Proprietary,HCM - Cash Monitoring 1,Financial Responsibility
187100,Iowa Wesleyan College,Mount Pleasant,IA,,"Private, Nonprofit",HCM - Cash Monitoring 1,Financial Responsibility
765800,American College of Hairstyling-Des Moines,Des Moines,IA,,Proprietary,HCM - Cash Monitoring 2,Audit Late/Missing
1206400,Hamilton Technical College,Davenport,IA,,Proprietary,HCM - Cash Monitoring 2,Financial Responsibility
2609200,Vatterott College,Des Moines,IA,,Proprietary,HCM - Cash Monitoring 1,Financial Responsibility
3607400,Total Look School of Cosmetology and Massage Therapy,Cresco,IA,,Proprietary,HCM - Cash Monitoring 2,Accreditation Problems
170300,Kendall College,Chicago,IL,,Proprietary,HCM - Cash Monitoring 1,Financial Responsibility
171700,MacMurray College,Jacksonville,IL,,"Private, Nonprofit",HCM - Cash Monitoring 1,Financial Responsibility
175600,Shimer College,Chicago,IL,,"Private, Nonprofit",HCM - Cash Monitoring 1,Financial Responsibility
175800,Southern Illinois University at Carbondale,Carbondale,IL,,Public,HCM - Cash Monitoring 1,Audit Late/Missing
825900,Educators of Beauty College of Cosmetology,Sterling,IL,,Proprietary,HCM - Cash Monitoring 1,Other -CIO Problems (Eligibility)
947500,Educators of Beauty College of Cosmetology,La Salle,IL,,Proprietary,HCM - Cash Monitoring 1,Other -CIO Problems (Eligibility)
1181000,Taylor Business Institute,Chicago,IL,,Proprietary,HCM - Cash Monitoring 1,Financial Responsibility
1258400,Illinois Institute of Art (The),Chicago,IL,,Proprietary,HCM - Cash Monitoring 1,Financial Responsibility
2055200,Harrington College of Design,Chicago,IL,,Proprietary,HCM - Cash Monitoring 1,Administrative Capability
2069300,Vatterott College,Quincy,IL,,Proprietary,HCM - Cash Monitoring 1,Financial Responsibility
2113600,American InterContinental University,Schaumburg,IL,,Proprietary,HCM - Cash Monitoring 1,Administrative Capability
2160300,International Academy of Design and Technology,Chicago,IL,,Proprietary,HCM - Cash Monitoring 1,Administrative Capability
2313900,Westwood College - O'Hare Airport,Chicago,IL,,Proprietary,HCM - Cash Monitoring 1,Financial Responsibility
2352200,Le Cordon Bleu College of Culinary Arts in Chicago,Chicago,IL,,Proprietary,HCM - Cash Monitoring 1,Administrative Capability
3002000,Hairmasters Institute of Cosmetology,Bloomington,IL,,Proprietary,HCM - Cash Monitoring 1,Financial Responsibility
3079200,Westwood College - DuPage,Woodridge,IL,,Proprietary,HCM - Cash Monitoring 1,Financial Responsibility
3082900,Rosel School of Cosmetology,Chicago,IL,,Proprietary,HCM - Cash Monitoring 1,Financial Responsibility
3099700,Cains Barber College,Chicago,IL,,Proprietary,HCM - Cash Monitoring 1,Financial Responsibility
4117600,Larry's Barber College,Chicago,IL,,Proprietary,HCM - Cash Monitoring 2,Audit Late/Missing
178700,Bethel College,Mishawaka,IN,,"Private, Nonprofit",HCM - Cash Monitoring 1,Financial Responsibility
732900,ITT Technical Institute,Indianapolis,IN,,Proprietary,HCM - Cash Monitoring 1,Audit Late/Missing
736200,Medtech College,Indianapolis,IN,,Proprietary,HCM - Cash Monitoring 1,Financial Responsibility
793800,Lincoln College of Technology,Indianapolis,IN,,Proprietary,HCM - Cash Monitoring 1,Financial Responsibility
961300,Merrillville Beauty College,Merrillville,IN,,Proprietary,HCM - Cash Monitoring 2,Other -CIO Problems (Eligibility)
2308900,Masters of Cosmetology College,Fort Wayne,IN,,Proprietary,HCM - Cash Monitoring 2,Administrative Capability
4171700,Avant Gard The School,avon,IN,,Proprietary,HCM - Cash Monitoring 1,Financial Responsibility
190400,Bethany College,Lindsborg,KS,,"Private, Nonprofit",HCM - Cash Monitoring 1,Financial Responsibility
190500,Bethel College,North Newton,KS,,"Private, Nonprofit",HCM - Cash Monitoring 1,Financial Responsibility
190800,Central Christian College of Kansas,McPherson,KS,,"Private, Nonprofit",HCM - Cash Monitoring 1,Financial Responsibility
192100,Highland Community College,Highland,KS,,Public,HCM - Cash Monitoring 1,Audit Late/Missing
675500,Brown Mackie College (The),Salina,KS,,Proprietary,HCM - Cash Monitoring 1,Financial Responsibility
703200,MidAmerica Nazarene University,Olathe,KS,,"Private, Nonprofit",HCM - Cash Monitoring 1,Financial Responsibility
833200,Marinello School of Beauty,Manhattan,KS,,Proprietary,HCM - Cash Monitoring 2,Program Review
1050300,Wichita Technical Institute,Wichita,KS,,Proprietary,HCM - Cash Monitoring 1,Financial Responsibility
2590900,Wright Career College,Overland Park,KS,,"Private, Nonprofit",HCM - Cash Monitoring 1,Financial Responsibility
2603100,Crave Beauty Academy,Wichita,KS,,Proprietary,HCM - Cash Monitoring 1,Financial Responsibility
3450300,Marinello School of Beauty,Topeka,KS,,Proprietary,HCM - Cash Monitoring 2,Program Review
4179600,Entourage Institute of Beauty and Esthetics,Lenexa,KS,,Proprietary,HCM - Cash Monitoring 1,Financial Responsibility
196900,Kentucky Wesleyan College,Owensboro,KY,,"Private, Nonprofit",HCM - Cash Monitoring 1,Financial Responsibility
198300,St. Catharine College,St. Catharine,KY,,"Private, Nonprofit",HCM - Cash Monitoring 2,Program Review - Severe Findings
1172500,Collins School of Cosmetology,Middlesboro,KY,,Proprietary,HCM - Cash Monitoring 2,Accreditation Problems
3026200,Head's West Kentucky Beauty College,Madisonville,KY,,Proprietary,HCM - Cash Monitoring 2,Financial Responsibility
2536400,Louisiana Academy of Beauty,Eunice,LA,,Proprietary,HCM - Cash Monitoring 1,Financial Responsibility
2601000,American School of Business,Shreveport,LA,,Proprietary,HCM - Cash Monitoring 1,Audit Late/Missing
3294300,Blue Cliff College,Metairie,LA,,Proprietary,HCM - Cash Monitoring 1,Financial Responsibility
3480300,Fortis College,Baton Rouge,LA,,Proprietary,HCM - Cash Monitoring 1,Financial Responsibility
3810500,Mid City College,Baton Rouge,LA,,Proprietary,HCM - Cash Monitoring 2,Audit Late/Missing
4225900,Setting the Standard Barbering and Natural Hair Academy,Shreveport,LA,,Proprietary,HCM - Cash Monitoring 1,Audit Late/Missing
214500,Eastern Nazarene College,Quincy,MA,,"Private, Nonprofit",HCM - Cash Monitoring 2,Program Review - Severe Findings
220100,Pine Manor College,Chestnut Hill,MA,,"Private, Nonprofit",HCM - Cash Monitoring 1,Financial Responsibility
687300,Marian Court College,Swampscott,MA,,"Private, Nonprofit",HCM - Cash Monitoring 1,Financial Responsibility
748600,New England Institute of Art (The),Brookline,MA,,Proprietary,HCM - Cash Monitoring 1,Financial Responsibility
1193000,Roxbury Community College,Boston,MA,,Public,HCM - Cash Monitoring 2,Administrative Capability
2063000,Montserrat College of Art,Beverly,MA,,"Private, Nonprofit",HCM - Cash Monitoring 1,Financial Responsibility
2338200,Bay State School of Technology,Canton,MA,,Proprietary,HCM - Cash Monitoring 1,Financial Responsibility
3248300,Boston Baptist College,Boston,MA,,"Private, Nonprofit",HCM - Cash Monitoring 1,Financial Responsibility
3965300,New England College of Business and Finance,Boston,MA,,Proprietary,HCM - Cash Monitoring 1,Financial Responsibility
4116900,DiGrigoli School of Cosmetology,West Springfield,MA,,Proprietary,HCM - Cash Monitoring 1,Financial Responsibility
793600,Lincoln College of Technology,Columbia,MD,,Proprietary,HCM - Cash Monitoring 1,Financial Responsibility
1031900,Fortis Institute,Towson,MD,,Proprietary,HCM - Cash Monitoring 1,Financial Responsibility
2578400,Maryland University of Integrative Health,Laurel,MD,,"Private, Nonprofit",HCM - Cash Monitoring 1,Financial Responsibility
3064900,Aaron's Academy of Beauty,Waldorf,MD,,Proprietary,HCM - Cash Monitoring 1,Financial Responsibility
3493300,All-State Career,Baltimore,MD,,Proprietary,HCM - Cash Monitoring 1,Financial Responsibility
3822400,Maple Springs Baptist Bible College & Seminary,Capitol Heights,MD,,"Private, Nonprofit",HCM - Cash Monitoring 1,Financial Responsibility
3937300,Yeshiva College of the Nation's Capital,Silver Spring,MD,,"Private, Nonprofit",HCM - Cash Monitoring 1,Financial Responsibility
4139700,Frederick School of Cosmetology,Frederick,MD,,Proprietary,HCM - Cash Monitoring 1,Financial Responsibility
4141600,Omega Studios' School of Applied Recording Arts & Sciences,Rockville,MD,,Proprietary,HCM - Cash Monitoring 1,Financial Responsibility
2104400,Spa Tech Institute,Westbrook,ME,,Proprietary,HCM - Cash Monitoring 1,Financial Responsibility
228800,Rochester College,Rochester Hills,MI,,"Private, Nonprofit",HCM - Cash Monitoring 1,Financial Responsibility
231100,Kuyper College,Grand Rapids,MI,,"Private, Nonprofit",HCM - Cash Monitoring 1,Financial Responsibility
232200,Finlandia University,Hancock,MI,,"Private, Nonprofit",HCM - Cash Monitoring 1,Financial Responsibility
3284300,Michigan Jewish Institute,West Bloomfield,MI,,"Private, Nonprofit",HCM - Cash Monitoring 2,Administrative Capability
4002400,Ecumenical Theological Seminary,Detroit,MI,,"Private, Nonprofit",HCM - Cash Monitoring 1,Financial Responsibility
4055300,Creative Hair School of Cosmetology,Flint,MI,,Proprietary,HCM - Cash Monitoring 1,Provisional Certification
233200,Anoka-Ramsey Community College,Coon Rapids,MN,,Public,HCM - Cash Monitoring 1,Audit Late/Missing
233500,Riverland Community College,Austin,MN,,Public,HCM - Cash Monitoring 1,Audit Late/Missing
233600,Bemidji State University,Bemidji,MN,,Public,HCM - Cash Monitoring 1,Audit Late/Missing
233900,Central Lakes College,Brainerd,MN,,Public,HCM - Cash Monitoring 1,Audit Late/Missing
235000,Vermilion Community College,Ely,MN,,Public,HCM - Cash Monitoring 1,Audit Late/Missing
235500,Hibbing Community College,Hibbing,MN,,Public,HCM - Cash Monitoring 1,Audit Late/Missing
235600,Itasca Community College,Grand Rapids,MN,,Public,HCM - Cash Monitoring 1,Audit Late/Missing
236000,"Minnesota State University, Mankato",Mankato,MN,,Public,HCM - Cash Monitoring 1,Audit Late/Missing
236200,Minneapolis Community and Technical College,Minneapolis,MN,,Public,HCM - Cash Monitoring 1,Audit Late/Missing
236600,Crossroads College,Rochester,MN,,"Private, Nonprofit",HCM - Cash Monitoring 1,Financial Responsibility
236700,Minnesota State University Moorhead,Moorhead,MN,,Public,HCM - Cash Monitoring 1,Audit Late/Missing
237000,North Hennepin Community College,Brooklyn Park,MN,,Public,HCM - Cash Monitoring 1,Audit Late/Missing
237300,Rochester Community and Technical College,Rochester,MN,,Public,HCM - Cash Monitoring 1,Audit Late/Missing
237500,Southwest Minnesota State University,Marshall,MN,,Public,HCM - Cash Monitoring 1,Audit Late/Missing
237700,St. Cloud State University,Saint Cloud,MN,,Public,HCM - Cash Monitoring 1,Audit Late/Missing
238500,Northland Community and Technical College,Thief River Falls,MN,,Public,HCM - Cash Monitoring 1,Audit Late/Missing
239300,Minnesota State College - Southeast Technical,Winona,MN,,Public,HCM - Cash Monitoring 1,Audit Late/Missing
239400,Winona State University,Winona,MN,,Public,HCM - Cash Monitoring 1,Audit Late/Missing
400900,Mesabi Range College,Virginia,MN,,Public,HCM - Cash Monitoring 1,Audit Late/Missing
525200,Ridgewater College,Willmar,MN,,Public,HCM - Cash Monitoring 1,Audit Late/Missing
526300,Minnesota West Community and Technical College,Granite Falls,MN,,Public,HCM - Cash Monitoring 1,Audit Late/Missing
553300,Saint Paul College - A Community & Technical College,St Paul,MN,,Public,HCM - Cash Monitoring 1,Audit Late/Missing
553400,St. Cloud Technical and Community College,St Cloud,MN,,Public,HCM - Cash Monitoring 1,Audit Late/Missing
553500,Pine Technical and Community College,Pine City,MN,,Public,HCM - Cash Monitoring 1,Audit Late/Missing
553700,South Central College,North Mankato,MN,,Public,HCM - Cash Monitoring 1,Audit Late/Missing
554100,Minnesota State Community and Technical College,Perham,MN,,Public,HCM - Cash Monitoring 1,Audit Late/Missing
554400,Alexandria Technical and Community College,Alexandria,MN,,Public,HCM - Cash Monitoring 1,Audit Late/Missing
575700,Lake Superior College,Duluth,MN,,Public,HCM - Cash Monitoring 1,Audit Late/Missing
575900,Northwest Technical College - Bemidji,Bemidji,MN,,Public,HCM - Cash Monitoring 1,Audit Late/Missing
677500,Rainy River Community College,International Falls,MN,,Public,HCM - Cash Monitoring 1,Audit Late/Missing
735000,Anoka Technical College,Anoka,MN,,Public,HCM - Cash Monitoring 1,Audit Late/Missing
735100,Brown College,Mendota Heights,MN,,Proprietary,HCM - Cash Monitoring 1,Administrative Capability
795400,Normandale Community College,Bloomington,MN,,Public,HCM - Cash Monitoring 1,Audit Late/Missing
974000,Inver Hills Community College,Inver Grove Heights,MN,,Public,HCM - Cash Monitoring 1,Audit Late/Missing
1024800,Art Institutes International Minnesota (The),Minneapolis,MN,,Proprietary,HCM - Cash Monitoring 1,Financial Responsibility
1037400,Metropolitan State University,Saint Paul,MN,,Public,HCM - Cash Monitoring 1,Audit Late/Missing
1040200,Dakota County Technical College,Rosemount,MN,,Public,HCM - Cash Monitoring 1,Audit Late/Missing
1049000,Regency Beauty Institute,Blaine,MN,,Proprietary,HCM - Cash Monitoring 1,Financial Responsibility
1049100,Hennepin Technical College,Brooklyn Park,MN,,Public,HCM - Cash Monitoring 1,Audit Late/Missing
1054600,Century College,White Bear Lake,MN,,Public,HCM - Cash Monitoring 1,Audit Late/Missing
2504200,Walden University,Minneapolis,MN,,Proprietary,HCM - Cash Monitoring 1,Financial Responsibility
3001200,McNally Smith College of Music,Saint Paul,MN,,Proprietary,HCM - Cash Monitoring 1,Financial Responsibility
3096400,Leech Lake Tribal College,Cass Lake,MN,,Public,HCM - Cash Monitoring 1,Audit Late/Missing
3129100,Fond du Lac Tribal & Community College,Cloquet,MN,,Public,HCM - Cash Monitoring 1,Audit Late/Missing
246300,Evangel University,Springfield,MO,,"Private, Nonprofit",HCM - Cash Monitoring 1,Financial Responsibility
979500,Missouri College,Brentwood,MO,,Proprietary,HCM - Cash Monitoring 1,Administrative Capability
1173500,Pike Lincoln Technical Center,Eolia,MO,,Public,HCM - Cash Monitoring 2,Program Review - Severe Findings
2119200,Court Reporting Institute of St Louis,Clayton,MO,,Proprietary,HCM - Cash Monitoring 1,Financial Responsibility
2154900,Missouri School of Barbering & Hairstyling-St. Louis,Florissant,MO,,Proprietary,HCM - Cash Monitoring 2,Audit Late/Missing
2266400,Central Christian College of The Bible,Moberly,MO,,"Private, Nonprofit",HCM - Cash Monitoring 1,Financial Responsibility
2361600,Concorde Career College,Kansas City,MO,,Proprietary,HCM - Cash Monitoring 1,Financial Responsibility
2543800,Paris II Educational Center,Gladstone,MO,,Proprietary,HCM - Cash Monitoring 2,Financial Responsibility
2599700,Vatterott College,Berkeley,MO,,Proprietary,HCM - Cash Monitoring 1,Financial Responsibility
3070900,Southeast Missouri Hospital College of Nursing and Health Sciences,Cape Girardeau,MO,,"Private, Nonprofit",HCM - Cash Monitoring 1,Audit Late/Missing
3077200,Paul Mitchell the School Missouri Columbia,Columbia,MO,,Proprietary,HCM - Cash Monitoring 1,Financial Responsibility
3916300,eClips School of Cosmetology and Barbering,Overland,MO,,Proprietary,HCM - Cash Monitoring 2,Default Rate
3970400,WellSpring School of Allied Health,Kansas City,MO,,Proprietary,HCM - Cash Monitoring 1,Financial Responsibility
4173900,Cosmetology College of Franklin County,Saint Clair,MO,,Proprietary,HCM - Cash Monitoring 1,Financial Responsibility
240200,Copiah-Lincoln Community College,Wesson,MS,,Public,HCM - Cash Monitoring 1,Audit Late/Missing
2320800,Magnolia College of Cosmetology,Jackson,MS,,Proprietary,HCM - Cash Monitoring 1,Financial Responsibility
2586000,Infinity Career College,Carthage,MS,,Proprietary,HCM - Cash Monitoring 1,Financial Responsibility
252800,Miles Community College,Miles City,MT,,Public,HCM - Cash Monitoring 1,Audit Late/Missing
252900,Dawson Community College,Glendive,MT,,Public,HCM - Cash Monitoring 1,Audit Late/Missing
3205300,Modern Beauty School,Missoula,MT,,Proprietary,HCM - Cash Monitoring 1,Financial Responsibility
293500,Laurel University,High Point,NC,,"Private, Nonprofit",HCM - Cash Monitoring 1,Financial Responsibility
293600,Johnson C Smith University,Charlotte,NC,,"Private, Nonprofit",HCM - Cash Monitoring 1,Audit Late/Missing
295300,William Peace University,Raleigh,NC,,"Private, Nonprofit",HCM - Cash Monitoring 1,Financial Responsibility
3064400,Regency Beauty Institute,Winston-Salem,NC,,Proprietary,HCM - Cash Monitoring 1,Financial Responsibility
3555300,Southeastern Institute,Charlotte,NC,,Proprietary,HCM - Cash Monitoring 1,Financial Responsibility
3570300,Carolina Christian College,Winston-Salem,NC,,"Private, Nonprofit",HCM - Cash Monitoring 1,Financial Responsibility
4227600,Sherrill's University of Barber & Cosmetology,Raleigh,NC,,Proprietary,HCM - Cash Monitoring 1,Audit Late/Missing
2553700,Fort Berthold Community College,New Town,ND,,Public,HCM - Cash Monitoring 2,Payment Method Changed
2079700,College of Hair Design,Lincoln,NE,,Proprietary,HCM - Cash Monitoring 1,Financial Responsibility
3323300,Little Priest Tribal College,Winnebago,NE,,"Private, Nonprofit",HCM - Cash Monitoring 2,Administrative Capability
473100,Daniel Webster College,Nashua,NH,,Proprietary,HCM - Cash Monitoring 1,Audit Late/Missing
642100,JFK Medical Center Muhlenberg Harold B. and Dorothy A. Snyder Schools,Plainfield,NJ,,"Private, Nonprofit",HCM - Cash Monitoring 1,Financial Responsibility
1062900,PB Cosmetology Education Centre,Gloucester City,NJ,,Proprietary,HCM - Cash Monitoring 1,Financial Responsibility
1246100,Lincoln Technical Institute,Edison,NJ,,Proprietary,HCM - Cash Monitoring 1,Financial Responsibility
2131600,Pennco Tech,Blackwood,NJ,,Proprietary,HCM - Cash Monitoring 1,Audit Late/Missing
2132300,Fortis Institute,Wayne,NJ,,Proprietary,HCM - Cash Monitoring 1,Financial Responsibility
3536300,Institute For Therapeutic Massage,Haskell,NJ,,Proprietary,HCM - Cash Monitoring 1,Financial Responsibility
4131200,Total Image Beauty Academy,union city,NJ,,Proprietary,HCM - Cash Monitoring 2,Financial Responsibility
4216000,Universal Training Institute,Perth Amboy,NJ,,Proprietary,HCM - Cash Monitoring 1,Audit Late/Missing
2083900,Northern New Mexico College,El Rito,NM,,Public,HCM - Cash Monitoring 1,Audit Late/Missing
3206300,Mesalands Community College,Tucumcari,NM,,Public,HCM - Cash Monitoring 1,Audit Late/Missing
4174500,Aveda Institute of New Mexico (The),Albuquerque,NM,,Proprietary,HCM - Cash Monitoring 1,Financial Responsibility
736700,Marinello Schools of Beauty,Las Vegas,NV,,Proprietary,HCM - Cash Monitoring 2,Program Review
737100,Marinello School of Beauty,Reno,NV,,Proprietary,HCM - Cash Monitoring 2,Program Review
3838500,Northwest Career College,Las Vegas,NV,,Proprietary,HCM - Cash Monitoring 1,Financial Responsibility
267400,New York Theological Seminary,New York,NY,,"Private, Nonprofit",HCM - Cash Monitoring 1,Financial Responsibility
271300,Dominican College of Blauvelt,Orangeburg,NY,,"Private, Nonprofit",HCM - Cash Monitoring 1,Financial Responsibility
290000,Webb Institute,Glen Cove,NY,,"Private, Nonprofit",HCM - Cash Monitoring 1,Audit Late/Missing
397800,Rabbinical Seminary of America,Flushing,NY,,"Private, Nonprofit",HCM - Cash Monitoring 2,Audit Late/Missing
646100,Saint Elizabeth Medical Center,Utica,NY,,"Private, Nonprofit",HCM - Cash Monitoring 1,Financial Responsibility
780400,Star Career Academy,New York,NY,,Proprietary,HCM - Cash Monitoring 1,Financial Responsibility
907700,Utica School of Commerce,Utica,NY,,Proprietary,HCM - Cash Monitoring 2,Financial Responsibility
947900,St. Paul's School of Nursing,Staten Island,NY,,Proprietary,HCM - Cash Monitoring 1,Financial Responsibility
1103100,Technical Career Institutes,New York,NY,,Proprietary,HCM - Cash Monitoring 1,Financial Responsibility
1164700,SBI Campus - an affiliate of Sanford-Brown,Melville,NY,,Proprietary,HCM - Cash Monitoring 1,Administrative Capability
1229300,VEEB Nassau County School of Practical Nursing,Uniondale,NY,,Public,HCM - Cash Monitoring 2,Financial Responsibility
1236400,St. Paul's School of Nursing,Rego Park,NY,,Proprietary,HCM - Cash Monitoring 1,Financial Responsibility
2075700,Briarcliffe College,Bethpage,NY,,Proprietary,HCM - Cash Monitoring 1,Administrative Capability
2106800,Bramson ORT College,Forest Hills,NY,,"Private, Nonprofit",HCM - Cash Monitoring 2,Accreditation Problems
2152000,Yeshiva Shaar Hatorah,Richmond Hill,NY,,"Private, Nonprofit",HCM - Cash Monitoring 2,F/S Late/Missing
2170000,Swedish Institute,New York,NY,,Proprietary,HCM - Cash Monitoring 1,Financial Responsibility
2306500,Professional Business College,New York,NY,,"Private, Nonprofit",HCM - Cash Monitoring 2,OIG
2491400,Spanish-American Institute,New York,NY,,"Private, Nonprofit",HCM - Cash Monitoring 1,Financial Responsibility
2511500,"Joffrey Ballet School, American Ballet Center",New York,NY,,Proprietary,HCM - Cash Monitoring 1,Financial Responsibility
2525600,Art Institute of New York City (The),New York,NY,,Proprietary,HCM - Cash Monitoring 1,Financial Responsibility
2546000,Tri-State College of Acupuncture,New York,NY,,Proprietary,HCM - Cash Monitoring 1,Financial Responsibility
2575400,International Culinary Center,New York,NY,,Proprietary,HCM - Cash Monitoring 1,Financial Responsibility
3007200,Dance Theatre of Harlem,New York,NY,,"Private, Nonprofit",HCM - Cash Monitoring 2,Program Review
3120700,New York Conservatory For Dramatic Arts (The),New York,NY,,Proprietary,HCM - Cash Monitoring 1,Financial Responsibility
3216300,Unification Theological Seminary,Barrytown,NY,,"Private, Nonprofit",HCM - Cash Monitoring 1,F/S Late/Missing
3380300,Star Career Academy,Syosset,NY,,Proprietary,HCM - Cash Monitoring 1,Financial Responsibility
3496300,Yeshiva Shaarei Torah of Rockland,Suffern,NY,,"Private, Nonprofit",HCM - Cash Monitoring 1,F/S Late/Missing
3652300,Metropolitan Learning Institute,Rego Park,NY,,"Private, Nonprofit",HCM - Cash Monitoring 2,Program Review - Severe Findings
4148000,New Life Business Institute,Jamaica,NY,,Proprietary,HCM - Cash Monitoring 1,Audit Late/Missing
302900,Cincinnati Christian University,Cincinnati,OH,,"Private, Nonprofit",HCM - Cash Monitoring 1,Financial Responsibility
314100,Wilberforce University,Wilberforce,OH,,"Private, Nonprofit",HCM - Cash Monitoring 1,Financial Responsibility
747300,Choffin Career & Technical Center,Youngstown,OH,,Public,HCM - Cash Monitoring 1,Audit Late/Missing
941200,Fortis College,Cuyahoga Falls,OH,,Proprietary,HCM - Cash Monitoring 1,Financial Responsibility
1090600,Cincinnati College of Mortuary Science,Cincinnati,OH,,"Private, Nonprofit",HCM - Cash Monitoring 1,Audit Late/Missing
1289100,Antonelli College,Cincinnati,OH,,Proprietary,HCM - Cash Monitoring 1,Financial Responsibility
1289600,Virginia Marti College of Art and Design,Lakewood,OH,,Proprietary,HCM - Cash Monitoring 1,Financial Responsibility
2190700,Fortis College,Centerville,OH,,Proprietary,HCM - Cash Monitoring 1,Financial Responsibility
2337700,Professional Skills Institute,Maumee,OH,,Proprietary,HCM - Cash Monitoring 1,Financial Responsibility
2545800,Inner State Beauty School,Lyndhurst,OH,,Proprietary,HCM - Cash Monitoring 1,Financial Responsibility
3027100,Fairview Academy,Fairview Park,OH,,Proprietary,HCM - Cash Monitoring 1,Financial Responsibility
3468400,National Institute of Massotherapy -,Akron,OH,,Proprietary,HCM - Cash Monitoring 1,Financial Responsibility
3468500,ATS Institute of Technology,Highland Heights,OH,,Proprietary,HCM - Cash Monitoring 1,Financial Responsibility
3700300,Regency Beauty Institute - Cleveland,Willoughby,OH,,Proprietary,HCM - Cash Monitoring 1,Financial Responsibility
4118300,Northcoast Medical Training Academy,Kent,OH,,Proprietary,HCM - Cash Monitoring 1,Financial Responsibility
4152100,Toledo Restaurant Training Center,Toledo,OH,,"Private, Nonprofit",HCM - Cash Monitoring 1,Financial Responsibility
315500,Eastern Oklahoma State College,Wilburton,OK,,Public,HCM - Cash Monitoring 2,Program Review - Severe Findings
316500,Oklahoma Christian University,Oklahoma City,OK,,"Private, Nonprofit",HCM - Cash Monitoring 1,Financial Responsibility
318300,Saint Gregory's University,Shawnee,OK,,"Private, Nonprofit",HCM - Cash Monitoring 1,Financial Responsibility
767800,Spartan College of Aeronautics and Technology,Tulsa,OK,,Proprietary,HCM - Cash Monitoring 1,Financial Responsibility
2306800,Platt College,Tulsa,OK,,Proprietary,HCM - Cash Monitoring 1,Financial Responsibility
2581200,CC's Cosmetology College,Tulsa,OK,,Proprietary,HCM - Cash Monitoring 2,Program Review
3109800,Ponca City Beauty College,Ponca City,OK,,Proprietary,HCM - Cash Monitoring 1,Other -CIO Problems (Eligibility)
3676300,Family of Faith College,Shawnee,OK,,"Private, Nonprofit",HCM - Cash Monitoring 1,Financial Responsibility
4060300,American Institute of Medical Technology,Tulsa,OK,,Proprietary,HCM - Cash Monitoring 2,Accreditation Problems
320600,Multnomah University,Portland,OR,,"Private, Nonprofit",HCM - Cash Monitoring 1,Financial Responsibility
781900,Art Institute of Portland (The),Portland,OR,,Proprietary,HCM - Cash Monitoring 1,Financial Responsibility
888700,Concorde Career College,Portland,OR,,Proprietary,HCM - Cash Monitoring 1,Financial Responsibility
2159700,New Hope Christian College,Eugene,OR,,"Private, Nonprofit",HCM - Cash Monitoring 1,Financial Responsibility
2603700,Oregon College of Oriental Medicine,Portland,OR,,"Private, Nonprofit",HCM - Cash Monitoring 1,Financial Responsibility
3022600,Le Cordon Bleu College of Culinary Arts,Portland,OR,,Proprietary,HCM - Cash Monitoring 1,Administrative Capability
267000,Summit University of Pennsylvania,Clarks Summit,PA,,"Private, Nonprofit",HCM - Cash Monitoring 1,Financial Responsibility
329200,Lutheran Theological Seminary - Philadelphia,Philadelphia,PA,,"Private, Nonprofit",HCM - Cash Monitoring 1,Audit Late/Missing
330600,University of Valley Forge,Phoenixville,PA,,"Private, Nonprofit",HCM - Cash Monitoring 1,Financial Responsibility
331700,Cheyney University of Pennsylvania,Cheyney,PA,,Public,HCM - Cash Monitoring 2,Administrative Capability
335100,Cairn University,Langhorne,PA,,"Private, Nonprofit",HCM - Cash Monitoring 1,Financial Responsibility
339600,Wilson College,Chambersburg,PA,,"Private, Nonprofit",HCM - Cash Monitoring 1,Financial Responsibility
489800,McCann School of Business & Technology,Pottsville,PA,,Proprietary,HCM - Cash Monitoring 1,Financial Responsibility
653400,Citizens School of Nursing,New Kensington,PA,,"Private, Nonprofit",HCM - Cash Monitoring 2,Other -CIO Problems (Eligibility)
658300,Western Pennsylvania Hospital School of Nursing,Pittsburgh,PA,,"Private, Nonprofit",HCM - Cash Monitoring 2,Other -CIO Problems (Eligibility)
747000,Art Institute of Pittsburgh (The),Pittsburgh,PA,,Proprietary,HCM - Cash Monitoring 1,Financial Responsibility
777900,Lansdale School of Business,North Wales,PA,,Proprietary,HCM - Cash Monitoring 1,Financial Responsibility
835000,Art Institute of Philadelphia (The),Philadelphia,PA,,Proprietary,HCM - Cash Monitoring 1,Financial Responsibility
944900,Pennco Tech,Bristol,PA,,Proprietary,HCM - Cash Monitoring 1,Financial Responsibility
1099800,Pennsylvania Institute of Technology,Media,PA,,"Private, Nonprofit",HCM - Cash Monitoring 1,Financial Responsibility
1321400,Roxborough Memorial Hospital,Philadelphia,PA,,Proprietary,HCM - Cash Monitoring 1,Other -CIO Problems (Eligibility)
2119300,Pennsylvania Academy of Cosmetology Arts & Sciences,Johnstown,PA,,Proprietary,HCM - Cash Monitoring 1,Financial Responsibility
2202300,Pittsburgh Career Institute,Pittsburgh,PA,,Proprietary,HCM - Cash Monitoring 1,Administrative Capability
2253900,Berks Technical Institute,Wyomissing,PA,,Proprietary,HCM - Cash Monitoring 1,Financial Responsibility
2306200,Venango County Area Vocational Technical School,Oil City,PA,,Public,HCM - Cash Monitoring 1,Audit Late/Missing
2350200,Indiana County Technology Center,Indiana,PA,,Public,HCM - Cash Monitoring 1,F/S Late/Missing
2495500,All-State Career School,Lester,PA,,Proprietary,HCM - Cash Monitoring 1,Financial Responsibility
2557800,Art Institute of York (The) - Pennsylvania,York,PA,,Proprietary,HCM - Cash Monitoring 1,Financial Responsibility
2574800,Pennsylvania Institute of Taxidermy,Ebensburg,PA,,Proprietary,HCM - Cash Monitoring 1,Financial Responsibility
3010800,Fortis Institute,Erie,PA,,Proprietary,HCM - Cash Monitoring 1,Financial Responsibility
3011500,Fortis Institute,Forty Fort,PA,,Proprietary,HCM - Cash Monitoring 1,Financial Responsibility
3011600,Fortis Institute,Scranton,PA,,Proprietary,HCM - Cash Monitoring 1,Financial Responsibility
3236400,L T International Beauty School,Philadelphia,PA,,Proprietary,HCM - Cash Monitoring 1,Audit Late/Missing
3923300,Precision Manufacturing Institute,Meadville,PA,,"Private, Nonprofit",HCM - Cash Monitoring 1,Financial Responsibility
3948300,Harrisburg University of Science and Technology,Harrisburg,PA,,"Private, Nonprofit",HCM - Cash Monitoring 1,Financial Responsibility
4164900,Barone Beauty Academy,Williamsport,PA,,Proprietary,HCM - Cash Monitoring 1,Financial Responsibility
4215500,Champ's Barber School,Lancaster,PA,,Proprietary,HCM - Cash Monitoring 1,Financial Responsibility
394200,University of Puerto Rico - Central Administration,San Juan,PR,,Public,HCM - Cash Monitoring 1,Financial Responsibility
394300,University of Puerto Rico - Humacao University College,Humacao,PR,,Public,HCM - Cash Monitoring 1,Financial Responsibility
394400,University of Puerto Rico - Mayaguez,Mayaguez,PR,,Public,HCM - Cash Monitoring 1,Financial Responsibility
710800,University of Puerto Rico - Rio Piedras Campus,RÕo Piedras,PR,,Public,HCM - Cash Monitoring 1,Financial Responsibility
720600,University of Puerto Rico - Cayey University College,Cayey,PR,,Public,HCM - Cash Monitoring 1,Financial Responsibility
722800,University of Puerto Rico - Arecibo,Arecibo,PR,,Public,HCM - Cash Monitoring 1,Financial Responsibility
965200,"University of Puerto Rico, Ponce",Ponce,PR,,Public,HCM - Cash Monitoring 1,Financial Responsibility
1092200,University of Puerto Rico - Utuado,Utuado,PR,,Public,HCM - Cash Monitoring 1,Financial Responsibility
1097500,University of Puerto Rico Bayamon Technical University College,Bayamon,PR,,Public,HCM - Cash Monitoring 1,Financial Responsibility
1212300,"University of Puerto Rico, Aguadilla Regional College",Aguadilla,PR,,Public,HCM - Cash Monitoring 1,Financial Responsibility
2166400,Instituto de Banca y Comercio,Hato Rey,PR,,Proprietary,HCM - Cash Monitoring 1,Financial Responsibility
2241900,Commonwealth of Puerto Rico Department of Education,Hato Rey,PR,,Public,HCM - Cash Monitoring 1,Financial Responsibility
2260600,National University College,Bayamon,PR,,Proprietary,HCM - Cash Monitoring 1,Financial Responsibility
2343600,Institute of Beauty Careers,Arecibo,PR,,Proprietary,HCM - Cash Monitoring 1,Other (Common Ownership)
2460000,University of Puerto Rico - Medical Science Campus,San Juan,PR,,Public,HCM - Cash Monitoring 1,Financial Responsibility
2482400,Ponce School of Medicine and Health Sciences,Ponce,PR,,Proprietary,HCM - Cash Monitoring 1,Financial Responsibility
2504500,Institucion Chaviano de Mayaguez,Mayaguez,PR,,Proprietary,HCM - Cash Monitoring 2,Program Review - Severe Findings
2534900,Ponce Paramedical College (POPAC),Ponce,PR,,Proprietary,HCM - Cash Monitoring 1,Financial Responsibility
3016000,University of Puerto Rico Carolina Regional College,Carolina,PR,,Public,HCM - Cash Monitoring 1,Financial Responsibility
3021900,EDIC  College,Caguas,PR,,Proprietary,HCM - Cash Monitoring 1,Financial Responsibility
4176000,American Technical Institute,Bayamon,PR,,Proprietary,HCM - Cash Monitoring 1,Financial Responsibility
341700,Allen University,Columbia,SC,,"Private, Nonprofit",HCM - Cash Monitoring 1,Financial Responsibility
3555400,Southeastern Institute,North Charleston,SC,,Proprietary,HCM - Cash Monitoring 1,Financial Responsibility
3746400,Southeastern Institute,Columbia,SC,,Proprietary,HCM - Cash Monitoring 1,Financial Responsibility
4083300,Academy for Careers and Technology,Mullins,SC,,Public,HCM - Cash Monitoring 1,Financial Responsibility
4096300,Charleston School of Law,Charleston,SC,,Proprietary,HCM - Cash Monitoring 1,Financial Responsibility
4166900,Cosmetic Arts Institute,Walterboro,SC,,Proprietary,HCM - Cash Monitoring 1,Program Review
4172600,Salon 496 Barber Academy,Greenville,SC,,Proprietary,HCM - Cash Monitoring 2,Program Review - Severe Findings
405600,North American Baptist Seminary,Sioux Falls,SD,,"Private, Nonprofit",HCM - Cash Monitoring 1,Financial Responsibility
2277300,Sisseton Wahpeton College,Sisseton,SD,,Public,HCM - Cash Monitoring 1,F/S Late/Missing
348000,Bethel University,McKenzie,TN,,"Private, Nonprofit",HCM - Cash Monitoring 1,Financial Responsibility
349400,Hiwassee College,Madisonville,TN,,"Private, Nonprofit",HCM - Cash Monitoring 2,Program Review - Severe Findings
743900,Fountainhead College of Technology,Knoxville,TN,,Proprietary,HCM - Cash Monitoring 1,Financial Responsibility
2157100,Concorde Career College,Memphis,TN,,Proprietary,HCM - Cash Monitoring 1,Financial Responsibility
2188300,Pentecostal Theological Seminary,Cleveland,TN,,"Private, Nonprofit",HCM - Cash Monitoring 1,Financial Responsibility
2204200,"Chattanooga College - Medical, Dental and Technical Careers",Chattanooga,TN,,Proprietary,HCM - Cash Monitoring 1,Financial Responsibility
2326300,Fortis Institute,Cookeville,TN,,Proprietary,HCM - Cash Monitoring 1,Financial Responsibility
2614200,Miller - Motte Technical College,Clarksville,TN,,Proprietary,HCM - Cash Monitoring 1,Financial Responsibility
3513500,Williamson Christian College,Franklin,TN,,"Private, Nonprofit",HCM - Cash Monitoring 1,Financial Responsibility
3647300,New Concepts School of Cosmetology,Cleveland,TN,,Proprietary,HCM - Cash Monitoring 1,Financial Responsibility
3774400,Shear Academy,Crossville,TN,,Proprietary,HCM - Cash Monitoring 2,Audit - Severe Findings
3930300,Buchanan Beauty College,Shelbyville,TN,,Proprietary,HCM - Cash Monitoring 1,Financial Responsibility
4174600,Nashville Barber and Style Academy,Madison,TN,,Proprietary,HCM - Cash Monitoring 2,Administrative Capability
366900,Wiley College,Marshall,TX,,"Private, Nonprofit",HCM - Cash Monitoring 1,Financial Responsibility
1301600,Ogle School Hair Skin Nails,Arlington,TX,,Proprietary,HCM - Cash Monitoring 1,Financial Responsibility
2081400,Arlington Baptist College,Arlington,TX,,"Private, Nonprofit",HCM - Cash Monitoring 1,Financial Responsibility
2117100,Art Institute of Houston (The),Houston,TX,,Proprietary,HCM - Cash Monitoring 1,Financial Responsibility
2230500,Ogle School Hair Skin Nails,Fort Worth,TX,,Proprietary,HCM - Cash Monitoring 1,Financial Responsibility
2230600,Ogle School Hair Skin Nails,Hurst,TX,,Proprietary,HCM - Cash Monitoring 1,Financial Responsibility
2318200,KD Conservatory College of Film and Dramatic Arts,Dallas,TX,,Proprietary,HCM - Cash Monitoring 1,Financial Responsibility
2548800,South Texas Vocational Technical Institute,Weslaco,TX,,Proprietary,HCM - Cash Monitoring 1,Other -CIO Problems (Eligibility)
2569300,Le Cordon Bleu College of Culinary Arts,Austin,TX,,Proprietary,HCM - Cash Monitoring 1,Accreditation Problems
2615000,Sanford-Brown College,Dallas,TX,,Proprietary,HCM - Cash Monitoring 1,Administrative Capability
3026500,Remington College,Garland,TX,,"Private, Nonprofit",HCM - Cash Monitoring 1,Financial Responsibility
3520300,Lubbock Hair Academy,Lubbock,TX,,Proprietary,HCM - Cash Monitoring 1,Financial Responsibility
3542300,Concorde Career College,Grand Prairie,TX,,Proprietary,HCM - Cash Monitoring 1,Financial Responsibility
3727600,Auguste Escoffier School of Culinary Arts,Austin,TX,,Proprietary,HCM - Cash Monitoring 1,Financial Responsibility
4138500,Cardiotech Ultrasound School,Houston,TX,,Proprietary,HCM - Cash Monitoring 1,Financial Responsibility
4158500,Texas Beauty College,Haltom City,TX,,Proprietary,HCM - Cash Monitoring 2,Accreditation Problems
4169000,Salon & Spa Institute,Brownsville,TX,,Proprietary,HCM - Cash Monitoring 2,Other -CIO Problems (Eligibility)
4187800,CyberTex Institute of Technology,Austin,TX,,Proprietary,HCM - Cash Monitoring 1,Financial Responsibility
4193000,RGV Careers An Institute for Higher Learning,Pharr,TX,,Proprietary,HCM - Cash Monitoring 1,Financial Responsibility
4213300,Southern Texas Careers Academy,McAllen,TX,,Proprietary,HCM - Cash Monitoring 1,Financial Responsibility
367400,Stevens Henager College,West Haven,UT,,Proprietary,HCM - Cash Monitoring 1,Financial Responsibility
2612200,Marinello School of Beauty,Provo,UT,,Proprietary,HCM - Cash Monitoring 2,Program Review
3829500,Skinworks School of Advanced Skincare,Salt Lake City,UT,,Proprietary,HCM - Cash Monitoring 1,Financial Responsibility
376700,Virginia Wesleyan College,Norfolk,VA,,"Private, Nonprofit",HCM - Cash Monitoring 1,Audit Late/Missing
499200,Miller-Motte Technical College,Lynchburg,VA,,Proprietary,HCM - Cash Monitoring 1,Financial Responsibility
2128700,Central School of Practical Nursing,Norfolk,VA,,Public,HCM - Cash Monitoring 1,F/S Late/Missing
2342700,Fortis College,Norfolk,VA,,Proprietary,HCM - Cash Monitoring 1,Financial Responsibility
2588900,Medtech College,Falls Church,VA,,Proprietary,HCM - Cash Monitoring 1,Financial Responsibility
3096500,Springfield Beauty Academy,Annandale,VA,,Proprietary,HCM - Cash Monitoring 1,Financial Responsibility
4124000,Dominion School of Hair Design,Gloucester Point,VA,,Proprietary,HCM - Cash Monitoring 2,Other -CIO Problems (Eligibility)
4219000,IGlobal University,Annandale,VA,,Proprietary,HCM - Cash Monitoring 1,Financial Responsibility
394600,University of the Virgin Islands,St.  Thomas,VI,,Public,HCM - Cash Monitoring 1,Audit Late/Missing
368700,Green Mountain College,Poultney,VT,,"Private, Nonprofit",HCM - Cash Monitoring 1,Financial Responsibility
1218300,Burlington College,Burlington,VT,,"Private, Nonprofit",HCM - Cash Monitoring 1,Financial Responsibility
2254000,New England Culinary Institute,Montpelier,VT,,Proprietary,HCM - Cash Monitoring 1,Financial Responsibility
379400,Saint Martin's University,Lacey,WA,,"Private, Nonprofit",HCM - Cash Monitoring 1,Financial Responsibility
1249600,TONI & GUY Hairdressing Academy,Shoreline,WA,,Proprietary,HCM - Cash Monitoring 1,Financial Responsibility
2106700,Trinity Lutheran College,Everett,WA,,"Private, Nonprofit",HCM - Cash Monitoring 1,Financial Responsibility
2203300,Gene Juarez Beauty Schools,Mountlake Terrace,WA,,Proprietary,HCM - Cash Monitoring 1,Financial Responsibility
2291300,Art Institute of Seattle (The),Seattle,WA,,Proprietary,HCM - Cash Monitoring 1,Financial Responsibility
2326500,Interface College,Spokane,WA,,Proprietary,HCM - Cash Monitoring 1,Financial Responsibility
2504900,Beauty Academy,Wenatchee,WA,,Proprietary,HCM - Cash Monitoring 1,Financial Responsibility
3071800,ITT Technical Institute,Spokane Valley,WA,,Proprietary,HCM - Cash Monitoring 1,Audit Late/Missing
3689400,Faith Evangelical College & Seminary,Tacoma,WA,,"Private, Nonprofit",HCM - Cash Monitoring 2,Program Review - Severe Findings
3932500,Total Cosmetology Training Center,Spokane,WA,,Proprietary,HCM - Cash Monitoring 1,Financial Responsibility
4161200,Pinchot University,Seattle,WA,,"Private, Nonprofit",HCM - Cash Monitoring 1,Financial Responsibility
1148400,Advanced Institute of Hair Design,Greenfield,WI,,Proprietary,HCM - Cash Monitoring 1,Financial Responsibility
381900,Ohio Valley University,Vienna,WV,,"Private, Nonprofit",HCM - Cash Monitoring 1,F/S Late/Missing
383100,Wheeling Jesuit University,Wheeling,WV,,"Private, Nonprofit",HCM - Cash Monitoring 1,Financial Responsibility
754400,Appalachian Bible College,Mount Hope,WV,,"Private, Nonprofit",HCM - Cash Monitoring 1,Financial Responsibility
850500,University of Melbourne,Melbourne,,AUSTRALIA,Foreign Public,HCM - Cash Monitoring 1,F/S Late/Missing
1069200,University of Queensland (The),Brisbane,,AUSTRALIA,Foreign Public,HCM - Cash Monitoring 1,F/S Late/Missing
2579600,Murdoch University,Murdoch Perth,,AUSTRALIA,Foreign Public,HCM - Cash Monitoring 1,Financial Responsibility
3067200,University of Sydney,The University of Sydney,,AUSTRALIA,Foreign Public,HCM - Cash Monitoring 1,Financial Responsibility
3091500,University of Canberra,Bruce,,AUSTRALIA,Foreign Public,HCM - Cash Monitoring 1,Denied Recert - PPA Not Expired
3104800,Griffith University,Brisbane,,AUSTRALIA,Foreign Public,HCM - Cash Monitoring 1,Denied Recert - PPA Not Expired
668800,University of Toronto,Toronto,,CANADA,Foreign Public,HCM - Cash Monitoring 2,Payment Method Changed
891300,Lakehead University,Thunder Bay,,CANADA,Foreign Public,HCM - Cash Monitoring 1,Denied Recert - PPA Not Expired
950100,University of King's College,Halifax,,CANADA,Foreign Public,HCM - Cash Monitoring 1,Financial Responsibility
1045800,Sheridan College,Oakville,,CANADA,Foreign Public,HCM - Cash Monitoring 1,Audit Late/Missing
1227400,Providence University College and Theological Seminary,Otterburne,,CANADA,Foreign Private,HCM - Cash Monitoring 1,Denied Recert - PPA Not Expired
2216400,Tyndale University College & Seminary,Toronto,,CANADA,Foreign Private,HCM - Cash Monitoring 2,Financial Responsibility
2324900,Emmanuel Bible College,Kitchener,,CANADA,Foreign Private,HCM - Cash Monitoring 1,Audit Late/Missing
1097700,Universidad Central del Este,San Pedro de Macoris,,DOMINICAN REPUBLIC,Foreign Private,HCM - Cash Monitoring 2,Administrative Capability
1281100,Instituto Tecnologico de Santo Domingo,Santo Domingo,,DOMINICAN REPUBLIC,Foreign Private,HCM - Cash Monitoring 2,Administrative Capability
3334300,Universidad CatÑlica Nordestana,San Francisco de Macori,,DOMINICAN REPUBLIC,Foreign Private,HCM - Cash Monitoring 2,Administrative Capability
1057400,London International Film School,London,,ENGLAND,Foreign Private,HCM - Cash Monitoring 1,Financial Responsibility
1221500,Birmingham City University,Birmingham,,ENGLAND,Foreign Public,HCM - Cash Monitoring 1,Financial Responsibility
2180500,Middlesex University,London,,ENGLAND,Foreign Public,HCM - Cash Monitoring 1,Financial Responsibility
2195100,University of Westminster,London,,ENGLAND,Foreign Public,HCM - Cash Monitoring 1,Financial Responsibility
3045000,University of East London,London,,ENGLAND,Foreign Public,HCM - Cash Monitoring 1,Financial Responsibility
3807300,Rose Bruford College,Sidcup,,ENGLAND,Foreign Public,HCM - Cash Monitoring 1,Financial Responsibility
3880300,University of Gloucestershire (The),Cheltenham,,ENGLAND,Foreign Public,HCM - Cash Monitoring 1,Administrative Capability
788100,American University of Paris,Paris,,FRANCE,Foreign Private,HCM - Cash Monitoring 1,Financial Responsibility
4116300,EDHEC Business School,Roubaix Cedex 1,,FRANCE,Foreign Private,HCM - Cash Monitoring 1,Financial Responsibility
3073800,University of Debrecen Medical and Health Science Center,Debrecen,,HUNGARY,Foreign Public,HCM - Cash Monitoring 1,Payment Method Changed
1276600,"National University of Ireland, Galway",Galway,,IRELAND,Foreign Public,HCM - Cash Monitoring 1,Denied Recert - PPA Not Expired
401200,Hebrew University of Jerusalem (The),Jerusalem,,ISRAEL,Foreign Public,HCM - Cash Monitoring 1,Audit Late/Missing
2094100,Ben-Gurion University of the Negev,Beer-Sheva,,ISRAEL,Foreign Public,HCM - Cash Monitoring 1,Denied Recert - PPA Not Expired
4070300,"Raphael Recanati International School, The Interdisciplinary Center",Herzliya,,ISRAEL,Foreign Private,HCM - Cash Monitoring 1,Financial Responsibility
3050100,Studio Art Centers International - Florence,Florence,,ITALY,Foreign Private,HCM - Cash Monitoring 1,Financial Responsibility
1041800,Instituto Tecnologico y de Estudios Superiores de Monterrey,Monterrey,,MEXICO,Foreign Private,HCM - Cash Monitoring 1,Denied Recert - PPA Not Expired
1207800,Victoria University of Wellington,Wellington,,NEW ZEALAND,Foreign Public,HCM - Cash Monitoring 1,Denied Recert - PPA Not Expired
1242100,University of Auckland (The),Auckland,,NEW ZEALAND,Foreign Public,HCM - Cash Monitoring 1,Financial Responsibility
2225300,University of Canterbury,Christchurch,,NEW ZEALAND,Foreign Public,HCM - Cash Monitoring 1,Denied Recert - PPA Not Expired
3684500,Medical University of Gdansk,Gdansk,,POLAND,Foreign Public,HCM - Cash Monitoring 1,Financial Responsibility
3349400,"Queen Margaret University, Edinburgh",Edinburgh,,SCOTLAND,Foreign Public,HCM - Cash Monitoring 1,Financial Responsibility
837700,Universiteit Van Amsterdam,Amsterdam,,THE NETHERLANDS,Foreign Public,HCM - Cash Monitoring 1,Financial Responsibility
2209500,Universiteit Utrecht,Utrecht,,THE NETHERLANDS,Foreign Public,HCM - Cash Monitoring 1,Financial Responsibility
1234100,University of Wales - Lampeter,Lampeter,,WALES,Foreign Public,HCM - Cash Monitoring 1,Financial Responsibility